{"real_validity": -706.8683471679688, "fake_validity": 78.34519958496094, "gp": 30.542789459228516, "_timestamp": 1709023932.6707993, "recon_loss": 0.12692084908485413, "sem_const_loss": 0.11257819831371307, "adv_loss": -48.05457305908203, "_runtime": 1014.7221231460571, "_step": 18, "_wandb": {"runtime": 1012}}