{"real_validity": -297.5294189453125, "fake_validity": 68.9415054321289, "gp": 7.871482849121094, "_timestamp": 1708929136.9714875, "recon_loss": 0.10824260115623474, "sem_const_loss": 0.11945200711488724, "adv_loss": -71.2362289428711, "_runtime": 1008.5842936038971, "_step": 18, "_wandb": {"runtime": 1006}}