{"_wandb": {"runtime": 71}, "real_validity": -135.38134765625, "fake_validity": 2.620171070098877, "gp": 0.5341646671295166, "_timestamp": 1708766743.0191157, "_runtime": 61.392130613327026, "_step": 0}