{"real_validity": -346.62921142578125, "fake_validity": 80.7829360961914, "gp": 9.14439868927002, "_timestamp": 1708941494.6088798, "recon_loss": 0.09443365037441254, "sem_const_loss": 0.1159977987408638, "adv_loss": -66.57683563232422, "_runtime": 984.5291578769684, "_step": 18, "_wandb": {"runtime": 983}}