{"real_validity": -423.91607666015625, "fake_validity": 29.807340621948242, "gp": 15.615901947021484, "_timestamp": 1708925928.4578037, "recon_loss": 0.09115587174892426, "sem_const_loss": 0.11903845518827438, "adv_loss": -26.281333923339844, "_runtime": 1046.2398447990417, "_step": 18, "_wandb": {"runtime": 1044}}