{"_wandb": {"runtime": 72}, "real_validity": -488.4637451171875, "fake_validity": 5.937018394470215, "gp": 28.054763793945312, "_timestamp": 1708923169.6883488, "_runtime": 58.518319845199585, "_step": 0}