{"_wandb": {"runtime": 66}, "real_validity": -804.2410888671875, "fake_validity": 7.088894844055176, "gp": 39.27253341674805, "_timestamp": 1708766884.8152595, "_runtime": 56.949533462524414, "_step": 0}