{"real_validity": -617.322265625, "fake_validity": 78.3270492553711, "gp": 32.24810791015625, "_timestamp": 1708930872.5320249, "recon_loss": 0.10547719895839691, "sem_const_loss": 0.11420174688100815, "adv_loss": -32.912479400634766, "_runtime": 988.2430448532104, "_step": 18, "_wandb": {"runtime": 986}}