{"_wandb": {"runtime": 69}, "real_validity": -812.5501708984375, "fake_validity": 8.798110008239746, "gp": 42.91456604003906, "_timestamp": 1708860385.282344, "_runtime": 56.568090200424194, "_step": 0}