{"_wandb": {"runtime": 63}, "real_validity": -604.5191040039062, "fake_validity": 6.041647911071777, "gp": 28.099609375, "_timestamp": 1708927987.7228987, "_runtime": 57.81598782539368, "_step": 0}