{"real_validity": -322.02789306640625, "fake_validity": 33.89369201660156, "gp": 17.393310546875, "_timestamp": 1709011402.5047774, "recon_loss": 0.11824463307857513, "sem_const_loss": 0.12516522407531738, "adv_loss": -18.896160125732422, "_runtime": 1047.0268483161926, "_step": 18, "_wandb": {"runtime": 1045}}