{"_wandb": {"runtime": 71}, "real_validity": -48.09357452392578, "fake_validity": 1.5916928052902222, "gp": 0.008336314931511879, "_timestamp": 1708923462.3416224, "_runtime": 57.33972930908203, "_step": 0}