{"_wandb": {"runtime": 67}, "real_validity": -862.957763671875, "fake_validity": 6.581823348999023, "gp": 40.70415496826172, "_timestamp": 1708857600.1716442, "_runtime": 54.80239009857178, "_step": 0}