{"_wandb": {"runtime": 70}, "real_validity": -493.1840515136719, "fake_validity": 5.312915802001953, "gp": 20.628829956054688, "_timestamp": 1708923764.7168953, "_runtime": 56.68890142440796, "_step": 0}