{"_wandb": {"runtime": 71}, "real_validity": -570.6658935546875, "fake_validity": 8.081180572509766, "gp": 26.383697509765625, "_timestamp": 1708857469.54195, "_runtime": 57.52310109138489, "_step": 0}