{"real_validity": -207.6270751953125, "fake_validity": 27.800382614135742, "gp": 4.7793869972229, "_timestamp": 1708935910.4571664, "recon_loss": 0.11907987296581268, "sem_const_loss": 0.11696458607912064, "adv_loss": -34.554786682128906, "_runtime": 989.2743895053864, "_step": 18, "_wandb": {"runtime": 987}}