{"_wandb": {"runtime": 59}, "real_validity": -620.642822265625, "fake_validity": 11.89936637878418, "gp": 43.01319885253906, "_timestamp": 1709028559.482389, "_runtime": 60.25362300872803, "_step": 0}