{"real_validity": -159.13978576660156, "fake_validity": 47.695308685302734, "gp": 1.0161547660827637, "_timestamp": 1708933052.1955292, "recon_loss": 0.14624303579330444, "sem_const_loss": 0.12939782440662384, "adv_loss": -60.34850311279297, "_runtime": 995.7480762004852, "_step": 18, "_wandb": {"runtime": 994}}