{"real_validity": -404.18316650390625, "fake_validity": 61.33493423461914, "gp": 11.762574195861816, "_timestamp": 1709027979.8109715, "recon_loss": 0.12000896036624908, "sem_const_loss": 0.11970824748277664, "adv_loss": -70.03013610839844, "_runtime": 1053.24764752388, "_step": 18, "_wandb": {"runtime": 1053}}