{"real_validity": -249.1642608642578, "fake_validity": 9.219572067260742, "gp": 7.443592071533203, "_timestamp": 1709026875.660822, "recon_loss": 0.08982064574956894, "sem_const_loss": 0.10891440510749817, "adv_loss": -10.217485427856445, "_runtime": 140.5218529701233, "_step": 1}